stimuli_id,word,color,congruent,corrAnsw,trials.thisRepN,trials.thisTrialN,trials.thisN,trials.thisIndex,Instruction.started,Instruction.stopped,interupt_key.keys,interupt_key.rt,interupt_key.started,interupt_key.stopped,Stimul_text.started,Stimul_text.stopped,key_resp.keys,key_resp.corr,key_resp.rt,key_resp.started,key_resp.stopped,fix_cross.started,fix_cross.stopped,sync_square.started,sync_square.stopped,participant,session,date,expName,psychopyVersion,frameRate,
,,,,,,,,,13.781642200017814,None,space,2.3697518999979366,13.781642200017814,None,,,,,,,,,,,,000,001,2022_Feb_15_1729,stroopExp,2021.2.3,60.02977477137804,
11,green,blue,0,b,0,0,0,10,,,,,,,18.19540009999764,None,b,1,1.2422472000180278,18.19540009999764,None,16.216341999999713,18.229157800000394,18.19540009999764,None,000,001,2022_Feb_15_1729,stroopExp,2021.2.3,60.02977477137804,
4,yellow,red,0,r,0,1,1,3,,,,,,,21.44843590000528,None,r,1,0.8550360999943223,21.44843590000528,None,19.463458800018998,21.465553300018655,21.44843590000528,None,000,001,2022_Feb_15_1729,stroopExp,2021.2.3,60.02977477137804,
9,red,blue,0,b,0,2,2,8,,,,,,,24.318334600015078,None,b,1,0.8513198000146076,24.318334600015078,None,22.333435300010024,24.335048400011146,24.318334600015078,None,000,001,2022_Feb_15_1729,stroopExp,2021.2.3,60.02977477137804,
10,blue,blue,1,b,0,3,3,9,,,,,,,27.171248900005594,None,b,1,0.6759851000097115,27.171248900005594,None,25.185629300016444,27.18796320000547,27.171248900005594,None,000,001,2022_Feb_15_1729,stroopExp,2021.2.3,60.02977477137804,
2,blue,red,0,r,0,4,4,1,,,,,,,29.8570550000004,None,r,1,0.7787047000019811,29.8570550000004,None,27.87212859999272,29.873864599998342,29.8570550000004,None,000,001,2022_Feb_15_1729,stroopExp,2021.2.3,60.02977477137804,
3,green,red,0,r,0,5,5,2,,,,,,,32.64351799999713,None,r,1,0.5422809000010602,32.64351799999713,None,30.657958900002996,32.66029470000649,32.64351799999713,None,000,001,2022_Feb_15_1729,stroopExp,2021.2.3,60.02977477137804,
1,red,red,1,r,0,6,6,0,,,,,,,35.19581810000818,None,r,1,0.5001539000077173,35.19581810000818,None,33.21129080001265,35.21239240001887,35.19581810000818,None,000,001,2022_Feb_15_1729,stroopExp,2021.2.3,60.02977477137804,
16,yellow,yellow,1,y,0,7,7,15,,,,,,,37.69853019999573,None,y,1,0.7358802999951877,37.69853019999573,None,35.71339079999598,37.71539530000882,37.69853019999573,None,000,001,2022_Feb_15_1729,stroopExp,2021.2.3,60.02977477137804,
12,yellow,blue,0,b,0,8,8,11,,,,,,,40.45168719999492,None,b,1,2.881932400021469,40.45168719999492,None,38.46531719999621,40.467898000002606,40.45168719999492,None,000,001,2022_Feb_15_1729,stroopExp,2021.2.3,60.02977477137804,
15,green,yellow,0,y,0,9,9,14,,,,,,,45.33932610001648,None,y,1,1.8528329999826383,45.33932610001648,None,43.354226800001925,45.35594760000822,45.33932610001648,None,000,001,2022_Feb_15_1729,stroopExp,2021.2.3,60.02977477137804,
8,yellow,green,0,g,0,10,10,7,,,,,,,49.19279470000765,None,g,1,0.8706304999941494,49.19279470000765,None,47.20781890000217,49.20983510001679,49.19279470000765,None,000,001,2022_Feb_15_1729,stroopExp,2021.2.3,60.02977477137804,
14,blue,yellow,0,y,0,11,11,13,,,,,,,52.07931840000674,None,y,1,1.2532942999969237,52.07931840000674,None,50.0942808999971,52.09609179999097,52.07931840000674,None,000,001,2022_Feb_15_1729,stroopExp,2021.2.3,60.02977477137804,
7,green,green,1,g,0,12,12,6,,,,,,,55.349124300002586,None,g,1,0.7364842999959365,55.349124300002586,None,53.364334999991115,55.365647500002524,55.349124300002586,None,000,001,2022_Feb_15_1729,stroopExp,2021.2.3,60.02977477137804,
6,blue,green,0,g,0,13,13,5,,,,,,,58.101988300011726,None,g,1,0.6903091999993194,58.101988300011726,None,56.1164240000071,58.11904479999794,58.101988300011726,None,000,001,2022_Feb_15_1729,stroopExp,2021.2.3,60.02977477137804,
13,red,yellow,0,y,0,14,14,12,,,,,,,60.80516789999092,None,g,0,1.2093289000040386,60.80516789999092,None,58.81988180000917,60.82150879999972,60.80516789999092,None,000,001,2022_Feb_15_1729,stroopExp,2021.2.3,60.02977477137804,
5,red,green,0,g,0,15,15,4,,,,,,,64.02446459999192,None,g,1,1.7184236999892164,64.02446459999192,None,62.039966200012714,64.04126070000348,64.02446459999192,None,000,001,2022_Feb_15_1729,stroopExp,2021.2.3,60.02977477137804,
13,red,yellow,0,y,1,0,16,12,,,,,,,67.74474409999675,None,y,1,1.0120976000034716,67.74474409999675,None,65.75977969999076,67.76174899999751,67.74474409999675,None,000,001,2022_Feb_15_1729,stroopExp,2021.2.3,60.02977477137804,
16,yellow,yellow,1,y,1,1,17,15,,,,,,,70.76483040000312,None,y,1,0.6348385000019334,70.76483040000312,None,68.77954429999227,70.78139240000746,70.76483040000312,None,000,001,2022_Feb_15_1729,stroopExp,2021.2.3,60.02977477137804,
1,red,red,1,r,1,2,18,0,,,,,,,73.4007355000067,None,r,1,0.628015599999344,73.4007355000067,None,71.41544810001506,73.41765720001422,73.4007355000067,None,000,001,2022_Feb_15_1729,stroopExp,2021.2.3,60.02977477137804,
3,green,red,0,r,1,3,19,2,,,,,,,76.0364966999914,None,r,1,0.6777868999924976,76.0364966999914,None,74.05158810000285,76.05308840001817,76.0364966999914,None,000,001,2022_Feb_15_1729,stroopExp,2021.2.3,60.02977477137804,
12,yellow,blue,0,b,1,4,20,11,,,,,,,78.72275350001291,None,b,1,1.205610799981514,78.72275350001291,None,76.73706119999406,78.73925109999254,78.72275350001291,None,000,001,2022_Feb_15_1729,stroopExp,2021.2.3,60.02977477137804,
5,red,green,0,g,1,5,21,4,,,,,,,81.94283970000106,None,g,1,0.8015737000096124,81.94283970000106,None,79.95729160000337,81.95940620001056,81.94283970000106,None,000,001,2022_Feb_15_1729,stroopExp,2021.2.3,60.02977477137804,
15,green,yellow,0,y,1,6,22,14,,,,,,,84.74480430001859,None,y,1,1.0596744999929797,84.74480430001859,None,82.76021050001145,84.76213920000009,84.74480430001859,None,000,001,2022_Feb_15_1729,stroopExp,2021.2.3,60.02977477137804,
6,blue,green,0,g,1,7,23,5,,,,,,,87.81487239999115,None,g,1,0.7697815999854356,87.81487239999115,None,85.82981910000672,87.83172330001253,87.81487239999115,None,000,001,2022_Feb_15_1729,stroopExp,2021.2.3,60.02977477137804,
4,yellow,red,0,r,1,8,24,3,,,,,,,90.60095839999849,None,r,1,0.9903055000177119,90.60095839999849,None,88.61577110001235,90.61784849999822,90.60095839999849,None,000,001,2022_Feb_15_1729,stroopExp,2021.2.3,60.02977477137804,
8,yellow,green,0,g,1,9,25,7,,,,,,,93.60410709999269,None,g,1,0.8775732000067364,93.60410709999269,None,91.61902070001815,93.62086240001372,93.60410709999269,None,000,001,2022_Feb_15_1729,stroopExp,2021.2.3,60.02977477137804,
7,green,green,1,g,1,10,26,6,,,,,,,96.49055400001816,None,g,1,0.4601844999997411,96.49055400001816,None,94.50624909999897,96.50684960000217,96.49055400001816,None,000,001,2022_Feb_15_1729,stroopExp,2021.2.3,60.02977477137804,
14,blue,yellow,0,y,1,11,27,13,,,,,,,98.95970979999402,None,y,1,0.8978325000207406,98.95970979999402,None,96.97447670000838,98.97631769999862,98.95970979999402,None,000,001,2022_Feb_15_1729,stroopExp,2021.2.3,60.02977477137804,
9,red,blue,0,b,1,12,28,8,,,,,,,101.86230189999333,None,b,1,1.2175891999795567,101.86230189999333,None,99.87707360001514,101.87925600001472,101.86230189999333,None,000,001,2022_Feb_15_1729,stroopExp,2021.2.3,60.02977477137804,
2,blue,red,0,r,1,13,29,1,,,,,,,105.08200920000672,None,r,1,0.5687031999987084,105.08200920000672,None,103.09698309999658,105.09872989999712,105.08200920000672,None,000,001,2022_Feb_15_1729,stroopExp,2021.2.3,60.02977477137804,
11,green,blue,0,b,1,14,30,10,,,,,,,107.65135210001608,None,b,1,1.1828307999821845,107.65135210001608,None,105.66626100000576,107.66838439999265,107.65135210001608,None,000,001,2022_Feb_15_1729,stroopExp,2021.2.3,60.02977477137804,
10,blue,blue,1,b,1,15,31,9,,,,,,,110.83805960000609,None,b,1,0.5674022000166588,110.83805960000609,None,108.8530080000055,110.8547249000112,110.83805960000609,None,000,001,2022_Feb_15_1729,stroopExp,2021.2.3,60.02977477137804,
6,blue,green,0,g,2,0,32,5,,,,,,,113.40735960000893,None,g,1,0.6607801000063773,113.40735960000893,None,111.4220323000045,113.42421140000806,113.40735960000893,None,000,001,2022_Feb_15_1729,stroopExp,2021.2.3,60.02977477137804,
7,green,green,1,g,2,1,33,6,,,,,,,116.07663220001268,None,g,1,0.6609291000058874,116.07663220001268,None,114.09157750001759,116.09407849999843,116.07663220001268,None,000,001,2022_Feb_15_1729,stroopExp,2021.2.3,60.02977477137804,
14,blue,yellow,0,y,2,2,34,13,,,,,,,118.74605539999902,None,y,1,1.2631075000099372,118.74605539999902,None,116.76081360000535,118.76267650001682,118.74605539999902,None,000,001,2022_Feb_15_1729,stroopExp,2021.2.3,60.02977477137804,
15,green,yellow,0,y,2,3,35,14,,,,,,,122.01590480000596,None,y,1,0.6967861000157427,122.01590480000596,None,120.03070239999215,122.0324171000102,122.01590480000596,None,000,001,2022_Feb_15_1729,stroopExp,2021.2.3,60.02977477137804,
9,red,blue,0,b,2,4,36,8,,,,,,,124.71873590000905,None,b,1,0.7879977000120562,124.71873590000905,None,122.73298430000432,124.73550340000656,124.71873590000905,None,000,001,2022_Feb_15_1729,stroopExp,2021.2.3,60.02977477137804,
3,green,red,0,r,2,5,37,2,,,,,,,127.52140009999857,None,r,1,0.7871235999919008,127.52140009999857,None,125.53614480001852,127.53834930001176,127.52140009999857,None,000,001,2022_Feb_15_1729,stroopExp,2021.2.3,60.02977477137804,
1,red,red,1,r,2,6,38,0,,,,,,,130.32415349999792,None,r,1,0.5116717000200879,130.32415349999792,None,128.33888550000847,130.34096410000348,130.32415349999792,None,000,001,2022_Feb_15_1729,stroopExp,2021.2.3,60.02977477137804,
4,yellow,red,0,r,2,7,39,3,,,,,,,132.8435163999966,None,r,1,0.3783712000004016,132.8435163999966,None,130.85773899999913,132.85963620000985,132.8435163999966,None,000,001,2022_Feb_15_1729,stroopExp,2021.2.3,60.02977477137804,
8,yellow,green,0,g,2,8,40,7,,,,,,,135.2301415000111,None,g,1,0.8294887999945786,135.2301415000111,None,133.24407580000116,135.2455093000026,135.2301415000111,None,000,001,2022_Feb_15_1729,stroopExp,2021.2.3,60.02977477137804,
2,blue,red,0,r,2,9,41,1,,,,,,,138.06505820000893,None,r,1,0.775134600000456,138.06505820000893,None,136.0803366000182,138.08188750001136,138.06505820000893,None,000,001,2022_Feb_15_1729,stroopExp,2021.2.3,60.02977477137804,
12,yellow,blue,0,b,2,10,42,11,,,,,,,140.8510801999946,None,b,1,0.9161236999789253,140.8510801999946,None,138.86599829999614,140.8680197999929,140.8510801999946,None,000,001,2022_Feb_15_1729,stroopExp,2021.2.3,60.02977477137804,
11,green,blue,0,b,2,11,43,10,,,,,,,143.7708885000029,None,b,1,0.8107611000014003,143.7708885000029,None,141.7856235000072,143.78751799999736,143.7708885000029,None,000,001,2022_Feb_15_1729,stroopExp,2021.2.3,60.02977477137804,
5,red,green,0,g,2,12,44,4,,,,,,,146.59049800000503,None,r,0,0.9211167000175919,146.59049800000503,None,144.60494600000675,146.6071709000098,146.59049800000503,None,000,001,2022_Feb_15_1729,stroopExp,2021.2.3,60.02977477137804,
16,yellow,yellow,1,y,2,13,45,15,,,,,,,149.52689430001192,None,y,1,0.7197007999930065,149.52689430001192,None,147.5416247000103,149.5436156000069,149.52689430001192,None,000,001,2022_Feb_15_1729,stroopExp,2021.2.3,60.02977477137804,
13,red,yellow,0,y,2,14,46,12,,,,,,,152.262713300006,None,y,1,0.7029968000133522,152.262713300006,None,150.27778870001202,152.28055450000102,152.262713300006,None,000,001,2022_Feb_15_1729,stroopExp,2021.2.3,60.02977477137804,
10,blue,blue,1,b,2,15,47,9,,,,,,,154.98228920000838,None,b,1,0.5594115999992937,154.98228920000838,None,152.99677140000858,154.99912349999067,154.98228920000838,None,000,001,2022_Feb_15_1729,stroopExp,2021.2.3,60.02977477137804,
11,green,blue,0,b,3,0,48,10,,,,,,,157.55121080001118,None,b,1,0.4071745999972336,157.55121080001118,None,155.5662549000117,157.5683074000117,157.55121080001118,None,000,001,2022_Feb_15_1729,stroopExp,2021.2.3,60.02977477137804,
8,yellow,green,0,g,3,1,49,7,,,,,,,159.9706531999982,None,g,1,0.5238677999877837,159.9706531999982,None,157.9849313000159,159.98716220000642,159.9706531999982,None,000,001,2022_Feb_15_1729,stroopExp,2021.2.3,60.02977477137804,
16,yellow,yellow,1,y,3,2,50,15,,,,,,,162.50684570000158,None,y,1,0.40578260002075695,162.50684570000158,None,160.5211196000164,162.52334040001733,162.50684570000158,None,000,001,2022_Feb_15_1729,stroopExp,2021.2.3,60.02977477137804,
7,green,green,1,g,3,3,51,6,,,,,,,164.92548289999831,None,g,1,0.49101990001508966,164.92548289999831,None,162.94012330000987,164.94230540000717,164.92548289999831,None,000,001,2022_Feb_15_1729,stroopExp,2021.2.3,60.02977477137804,
15,green,yellow,0,y,3,4,52,14,,,,,,,167.4277512000117,None,y,1,0.5019312000076752,167.4277512000117,None,165.44213979999768,167.44487470001332,167.4277512000117,None,000,001,2022_Feb_15_1729,stroopExp,2021.2.3,60.02977477137804,
3,green,red,0,r,3,5,53,2,,,,,,,169.93056989999604,None,r,1,1.168825000000652,169.93056989999604,None,167.9449927000096,169.94680989999324,169.93056989999604,None,000,001,2022_Feb_15_1729,stroopExp,2021.2.3,60.02977477137804,
4,yellow,red,0,r,3,6,54,3,,,,,,,173.10056130000157,None,y,0,0.6525127000059001,173.10056130000157,None,171.11566380001022,173.11656300001778,173.10056130000157,None,000,001,2022_Feb_15_1729,stroopExp,2021.2.3,60.02977477137804,
12,yellow,blue,0,b,3,7,55,11,,,,,,,175.76950600001146,None,b,1,1.4782105000049341,175.76950600001146,None,173.78396940001403,175.78630460001295,175.76950600001146,None,000,001,2022_Feb_15_1729,stroopExp,2021.2.3,60.02977477137804,
9,red,blue,0,b,3,8,56,8,,,,,,,179.25630660000024,None,b,1,0.48140560000319965,179.25630660000024,None,177.27135210001143,179.27312580001308,179.25630660000024,None,000,001,2022_Feb_15_1729,stroopExp,2021.2.3,60.02977477137804,
13,red,yellow,0,y,3,9,57,12,,,,,,,181.7419487000152,None,y,1,0.8387329000106547,181.7419487000152,None,179.75691870000446,181.75864030001685,181.7419487000152,None,000,001,2022_Feb_15_1729,stroopExp,2021.2.3,60.02977477137804,
6,blue,green,0,g,3,10,58,5,,,,,,,184.59513850000803,None,g,1,0.42216290000942536,184.59513850000803,None,182.60980170001858,184.61156469999696,184.59513850000803,None,000,001,2022_Feb_15_1729,stroopExp,2021.2.3,60.02977477137804,
5,red,green,0,g,3,11,59,4,,,,,,,187.03098100001807,None,g,1,0.4097656999947503,187.03098100001807,None,185.04569279999123,187.04764490001253,187.03098100001807,None,000,001,2022_Feb_15_1729,stroopExp,2021.2.3,60.02977477137804,
10,blue,blue,1,b,3,12,60,9,,,,,,,189.44993339999928,None,b,1,0.6485808000143152,189.44993339999928,None,187.4649987000157,189.46604669999215,189.44993339999928,None,000,001,2022_Feb_15_1729,stroopExp,2021.2.3,60.02977477137804,
1,red,red,1,r,3,13,61,0,,,,,,,192.10244750001584,None,r,1,1.61760709999362,192.10244750001584,None,190.11723309999797,192.1194516000105,192.10244750001584,None,000,001,2022_Feb_15_1729,stroopExp,2021.2.3,60.02977477137804,
2,blue,red,0,r,3,14,62,1,,,,,,,195.72268639999675,None,r,1,0.4345431000110693,195.72268639999675,None,193.7375335000106,195.7397265000036,195.72268639999675,None,000,001,2022_Feb_15_1729,stroopExp,2021.2.3,60.02977477137804,
14,blue,yellow,0,y,3,15,63,13,,,,,,,198.15876940000453,None,b,0,0.6968758000002708,198.15876940000453,None,196.17328540000017,198.17545800001244,198.15876940000453,None,000,001,2022_Feb_15_1729,stroopExp,2021.2.3,60.02977477137804,
1,red,red,1,r,4,0,64,0,,,,,,,200.8610148000007,None,r,1,0.5675676999962889,200.8610148000007,None,198.87595000001602,200.87790200000745,200.8610148000007,None,000,001,2022_Feb_15_1729,stroopExp,2021.2.3,60.02977477137804,
4,yellow,red,0,r,4,1,65,3,,,,,,,203.43057550000958,None,r,1,0.4846802999963984,203.43057550000958,None,201.44509220001055,203.44720660001622,203.43057550000958,None,000,001,2022_Feb_15_1729,stroopExp,2021.2.3,60.02977477137804,
8,yellow,green,0,g,4,2,66,7,,,,,,,205.91620599999442,None,g,1,0.7227429999911692,205.91620599999442,None,203.9311083999928,205.93325269999332,205.91620599999442,None,000,001,2022_Feb_15_1729,stroopExp,2021.2.3,60.02977477137804,
12,yellow,blue,0,b,4,3,67,11,,,,,,,208.65276880000602,None,b,1,1.6925886000099126,208.65276880000602,None,206.66705290001119,208.66995050001424,208.65276880000602,None,000,001,2022_Feb_15_1729,stroopExp,2021.2.3,60.02977477137804,
16,yellow,yellow,1,y,4,4,68,15,,,,,,,212.35625410001376,None,y,1,0.6151432000042405,212.35625410001376,None,210.37036890001036,212.37290320001193,212.35625410001376,None,000,001,2022_Feb_15_1729,stroopExp,2021.2.3,60.02977477137804,
10,blue,blue,1,b,4,5,69,9,,,,,,,214.97544700000435,None,b,1,0.6452731000026688,214.97544700000435,None,212.99033960001543,214.99224190000677,214.97544700000435,None,000,001,2022_Feb_15_1729,stroopExp,2021.2.3,60.02977477137804,
7,green,green,1,g,4,6,70,6,,,,,,,217.62820669999928,None,g,1,0.562159299995983,217.62820669999928,None,215.64289270000882,217.64478649999364,217.62820669999928,None,000,001,2022_Feb_15_1729,stroopExp,2021.2.3,60.02977477137804,
14,blue,yellow,0,y,4,7,71,13,,,,,,,220.19733190000989,None,b,0,0.6022525000153109,220.19733190000989,None,218.21197000000393,220.21364679999533,220.19733190000989,None,000,001,2022_Feb_15_1729,stroopExp,2021.2.3,60.02977477137804,
9,red,blue,0,b,4,8,72,8,,,,,,,222.8002839999972,None,b,1,1.3134475000260863,222.8002839999972,None,220.814383799996,222.81654400000116,222.8002839999972,None,000,001,2022_Feb_15_1729,stroopExp,2021.2.3,60.02977477137804,
13,red,yellow,0,y,4,9,73,12,,,,,,,226.12004139999044,None,y,1,1.03908339998452,226.12004139999044,None,224.13440440001432,226.13608450000174,226.12004139999044,None,000,001,2022_Feb_15_1729,stroopExp,2021.2.3,60.02977477137804,
15,green,yellow,0,y,4,10,74,14,,,,,,,229.17245589999948,None,y,1,0.8850709999969695,229.17245589999948,None,227.1877701000194,229.1892415000184,229.17245589999948,None,000,001,2022_Feb_15_1729,stroopExp,2021.2.3,60.02977477137804,
2,blue,red,0,r,4,11,75,1,,,,,,,232.05941250000615,None,b,0,0.5021516999986488,232.05941250000615,None,230.07390059999307,232.07561030000215,232.05941250000615,None,000,001,2022_Feb_15_1729,stroopExp,2021.2.3,60.02977477137804,
11,green,blue,0,b,4,12,76,10,,,,,,,234.57799140000134,None,b,1,0.7685455000028014,234.57799140000134,None,232.5930582000001,234.59539689999656,234.57799140000134,None,000,001,2022_Feb_15_1729,stroopExp,2021.2.3,60.02977477137804,
6,blue,green,0,g,4,13,77,5,,,,,,,237.3478723000153,None,g,1,0.603775499999756,237.3478723000153,None,235.36286399999517,237.36410949999117,237.3478723000153,None,000,001,2022_Feb_15_1729,stroopExp,2021.2.3,60.02977477137804,
5,red,green,0,g,4,14,78,4,,,,,,,239.96706200001063,None,g,1,0.36462109998683445,239.96706200001063,None,237.9816562999913,239.9841693000053,239.96706200001063,None,000,001,2022_Feb_15_1729,stroopExp,2021.2.3,60.02977477137804,
3,green,red,0,r,4,15,79,2,,,,,,,242.3358981999918,None,r,1,0.7778325999970548,242.3358981999918,None,240.3509705000033,242.35272359999362,242.3358981999918,None,000,001,2022_Feb_15_1729,stroopExp,2021.2.3,60.02977477137804,
16,yellow,yellow,1,y,5,0,80,15,,,,,,,245.12196200000471,None,y,1,0.5515276000078302,245.12196200000471,None,243.13678950001486,245.13916600000812,245.12196200000471,None,000,001,2022_Feb_15_1729,stroopExp,2021.2.3,60.02977477137804,
1,red,red,1,r,5,1,81,0,,,,,,,247.69143199999235,None,r,1,0.7581310999812558,247.69143199999235,None,245.70604849999654,247.70817550001084,247.69143199999235,None,000,001,2022_Feb_15_1729,stroopExp,2021.2.3,60.02977477137804,
15,green,yellow,0,y,5,2,82,14,,,,,,,250.46058549999725,None,y,1,1.2656349000171758,250.46058549999725,None,248.47549169999547,250.4777815999987,250.46058549999725,None,000,001,2022_Feb_15_1729,stroopExp,2021.2.3,60.02977477137804,
10,blue,blue,1,b,5,3,83,9,,,,,,,253.7305078000063,None,b,1,0.6246641000034288,253.7305078000063,None,251.74555240001064,253.74765659999684,253.7305078000063,None,000,001,2022_Feb_15_1729,stroopExp,2021.2.3,60.02977477137804,
2,blue,red,0,r,5,4,84,1,,,,,,,256.36672560000443,None,r,1,0.7156831000174861,256.36672560000443,None,254.3817163000058,256.3829970000079,256.36672560000443,None,000,001,2022_Feb_15_1729,stroopExp,2021.2.3,60.02977477137804,
11,green,blue,0,b,5,5,85,10,,,,,,,259.08594590000575,None,y,0,0.9603411999996752,259.08594590000575,None,257.1009402000054,259.1031128000177,259.08594590000575,None,000,001,2022_Feb_15_1729,stroopExp,2021.2.3,60.02977477137804,
6,blue,green,0,g,5,6,86,5,,,,,,,262.0556241000013,None,g,1,0.5906515000096988,262.0556241000013,None,260.0703502999968,262.07213220000267,262.0556241000013,None,000,001,2022_Feb_15_1729,stroopExp,2021.2.3,60.02977477137804,
14,blue,yellow,0,y,5,7,87,13,,,,,,,264.65831659999094,None,b,0,0.7043114999833051,264.65831659999094,None,262.6731839000131,264.6750936000026,264.65831659999094,None,000,001,2022_Feb_15_1729,stroopExp,2021.2.3,60.02977477137804,
3,green,red,0,r,5,8,88,2,,,,,,,267.3774873999937,None,r,1,1.0969926999823656,267.3774873999937,None,265.39262590001454,267.39457979999133,267.3774873999937,None,000,001,2022_Feb_15_1729,stroopExp,2021.2.3,60.02977477137804,
9,red,blue,0,b,5,9,89,8,,,,,,,270.48054750001756,None,b,1,0.7146830999990925,270.48054750001756,None,268.4955140000093,270.4971775000158,270.48054750001756,None,000,001,2022_Feb_15_1729,stroopExp,2021.2.3,60.02977477137804,
5,red,green,0,g,5,10,90,4,,,,,,,273.20053790000384,None,g,1,0.5539088000077754,273.20053790000384,None,271.21509850001894,273.21690830000443,273.20053790000384,None,000,001,2022_Feb_15_1729,stroopExp,2021.2.3,60.02977477137804,
7,green,green,1,g,5,11,91,6,,,,,,,275.7695922999992,None,g,1,0.3707360999833327,275.7695922999992,None,273.784375200019,275.78588810001384,275.7695922999992,None,000,001,2022_Feb_15_1729,stroopExp,2021.2.3,60.02977477137804,
12,yellow,blue,0,b,5,12,92,11,,,,,,,278.1552107000025,None,y,0,0.8660250999964774,278.1552107000025,None,276.1701847999939,278.1721369000152,278.1552107000025,None,000,001,2022_Feb_15_1729,stroopExp,2021.2.3,60.02977477137804,
8,yellow,green,0,g,5,13,93,7,,,,,,,281.02471009999863,None,y,0,1.5631388000037987,281.02471009999863,None,279.0394645000051,281.04217770000105,281.02471009999863,None,000,001,2022_Feb_15_1729,stroopExp,2021.2.3,60.02977477137804,
13,red,yellow,0,y,5,14,94,12,,,,,,,284.5953015999985,None,r,0,1.7653030000219587,284.5953015999985,None,282.6097559000191,284.6118359999964,284.5953015999985,None,000,001,2022_Feb_15_1729,stroopExp,2021.2.3,60.02977477137804,
4,yellow,red,0,r,5,15,95,3,,,,,,,288.36708960001124,None,y,0,0.7719158999971114,288.36708960001124,None,286.380066600017,288.38157440000214,288.36708960001124,None,000,001,2022_Feb_15_1729,stroopExp,2021.2.3,60.02977477137804,
8,yellow,green,0,g,6,0,96,7,,,,,,,291.15170849999413,None,r,0,0.6048034000268672,291.15170849999413,None,289.1657962000172,291.16836909999256,291.15170849999413,None,000,001,2022_Feb_15_1729,stroopExp,2021.2.3,60.02977477137804,
16,yellow,yellow,1,y,6,1,97,15,,,,,,,293.77091429999564,None,y,1,0.6198013999965042,293.77091429999564,None,291.7851338000037,293.7875973999908,293.77091429999564,None,000,001,2022_Feb_15_1729,stroopExp,2021.2.3,60.02977477137804,
3,green,red,0,r,6,2,98,2,,,,,,,296.4066257000086,None,g,0,0.5116568999947049,296.4066257000086,None,294.42167119999067,296.4237146000087,296.4066257000086,None,000,001,2022_Feb_15_1729,stroopExp,2021.2.3,60.02977477137804,
9,red,blue,0,b,6,3,99,8,,,,,,,298.92561500001466,None,b,1,1.4151681000075769,298.92561500001466,None,296.94075030001113,298.94216810000944,298.92561500001466,None,000,001,2022_Feb_15_1729,stroopExp,2021.2.3,60.02977477137804,
11,green,blue,0,b,6,4,100,10,,,,,,,302.346234800003,None,b,1,0.45392940001329407,302.346234800003,None,300.3608254000137,302.3627483000164,302.346234800003,None,000,001,2022_Feb_15_1729,stroopExp,2021.2.3,60.02977477137804,
12,yellow,blue,0,b,6,5,101,11,,,,,,,304.81489199999487,None,b,1,0.42931160001899116,304.81489199999487,None,302.8296398000093,304.83219929999905,304.81489199999487,None,000,001,2022_Feb_15_1729,stroopExp,2021.2.3,60.02977477137804,
4,yellow,red,0,r,6,6,102,3,,,,,,,307.25082030001795,None,r,1,0.6310691999970004,307.25082030001795,None,305.2656154000142,307.2675686000148,307.25082030001795,None,000,001,2022_Feb_15_1729,stroopExp,2021.2.3,60.02977477137804,
10,blue,blue,1,b,6,7,103,9,,,,,,,309.88682129999506,None,b,1,1.0227563999942504,309.88682129999506,None,307.90119669999694,309.9033261000004,309.88682129999506,None,000,001,2022_Feb_15_1729,stroopExp,2021.2.3,60.02977477137804,
7,green,green,1,g,6,8,104,6,,,,,,,312.92355820001103,None,g,1,0.6517298000107985,312.92355820001103,None,310.9379799000162,312.9400534000015,312.92355820001103,None,000,001,2022_Feb_15_1729,stroopExp,2021.2.3,60.02977477137804,
13,red,yellow,0,y,6,9,105,12,,,,,,,315.57561810000334,None,y,1,1.616045300004771,315.57561810000334,None,313.5908280000149,315.5926188000012,315.57561810000334,None,000,001,2022_Feb_15_1729,stroopExp,2021.2.3,60.02977477137804,
1,red,red,1,r,6,10,106,0,,,,,,,319.19620890001534,None,r,1,0.6530665000027511,319.19620890001534,None,317.21054960001493,319.21325890001026,319.19620890001534,None,000,001,2022_Feb_15_1729,stroopExp,2021.2.3,60.02977477137804,
14,blue,yellow,0,y,6,11,107,13,,,,,,,321.86522910001804,None,y,1,0.8031039999914356,321.86522910001804,None,319.8804103000148,321.8822549000033,321.86522910001804,None,000,001,2022_Feb_15_1729,stroopExp,2021.2.3,60.02977477137804,
2,blue,red,0,r,6,12,108,1,,,,,,,324.68517030001385,None,r,1,0.8900890999939293,324.68517030001385,None,322.69999970000936,324.70167189999484,324.68517030001385,None,000,001,2022_Feb_15_1729,stroopExp,2021.2.3,60.02977477137804,
6,blue,green,0,g,6,13,109,5,,,,,,,327.58804080000846,None,g,1,0.6040618999977596,327.58804080000846,None,325.60275479999837,327.6044343000103,327.58804080000846,None,000,001,2022_Feb_15_1729,stroopExp,2021.2.3,60.02977477137804,
15,green,yellow,0,y,6,14,110,14,,,,,,,330.2071205000102,None,y,1,0.6741555999906268,330.2071205000102,None,328.2217750000127,330.2239569000085,330.2071205000102,None,000,001,2022_Feb_15_1729,stroopExp,2021.2.3,60.02977477137804,
5,red,green,0,g,6,15,111,4,,,,,,,332.89275630001794,None,g,1,0.8084969999908935,332.89275630001794,None,330.90815540001495,332.90946819999954,332.89275630001794,None,000,001,2022_Feb_15_1729,stroopExp,2021.2.3,60.02977477137804,
10,blue,blue,1,b,7,0,112,9,,,,,,,335.713911800005,None,b,1,0.6245552999898791,335.713911800005,None,333.72748160001356,335.7293567000015,335.713911800005,None,000,001,2022_Feb_15_1729,stroopExp,2021.2.3,60.02977477137804,
16,yellow,yellow,1,y,7,1,113,15,,,,,,,338.3494697000133,None,y,1,0.3801771999860648,338.3494697000133,None,336.3633240000054,338.3652576000022,338.3494697000133,None,000,001,2022_Feb_15_1729,stroopExp,2021.2.3,60.02977477137804,
4,yellow,red,0,r,7,2,114,3,,,,,,,340.7345540999959,None,r,1,0.296926099981647,340.7345540999959,None,338.74934120001853,340.7511870000162,340.7345540999959,None,000,001,2022_Feb_15_1729,stroopExp,2021.2.3,60.02977477137804,
14,blue,yellow,0,y,7,3,115,13,,,,,,,343.0365612000169,None,y,1,0.3602811000018846,343.0365612000169,None,341.05155110001215,343.05337800001143,343.0365612000169,None,000,001,2022_Feb_15_1729,stroopExp,2021.2.3,60.02977477137804,
3,green,red,0,r,7,4,116,2,,,,,,,345.40576610001153,None,g,0,0.266501000005519,345.40576610001153,None,343.4202623000019,345.42242290001013,345.40576610001153,None,000,001,2022_Feb_15_1729,stroopExp,2021.2.3,60.02977477137804,
11,green,blue,0,b,7,5,117,10,,,,,,,347.67474849999417,None,b,1,0.6868254999862984,347.67474849999417,None,345.6892361000064,347.69096340000397,347.67474849999417,None,000,001,2022_Feb_15_1729,stroopExp,2021.2.3,60.02977477137804,
1,red,red,1,r,7,6,118,0,,,,,,,350.3771982000035,None,r,1,0.554811600013636,350.3771982000035,None,348.39225589999114,350.3938007999968,350.3771982000035,None,000,001,2022_Feb_15_1729,stroopExp,2021.2.3,60.02977477137804,
5,red,green,0,g,7,7,119,4,,,,,,,352.94669270000304,None,g,1,0.4578557000204455,352.94669270000304,None,350.9611602000077,352.96318230000907,352.94669270000304,None,000,001,2022_Feb_15_1729,stroopExp,2021.2.3,60.02977477137804,
7,green,green,1,g,7,8,120,6,,,,,,,355.41529360000277,None,g,1,0.6212479000096209,355.41529360000277,None,353.4306453000172,355.4319527000189,355.41529360000277,None,000,001,2022_Feb_15_1729,stroopExp,2021.2.3,60.02977477137804,
8,yellow,green,0,g,7,9,121,7,,,,,,,358.0520363000105,None,g,1,0.45343490000232123,358.0520363000105,None,356.0664337000053,358.06959800000186,358.0520363000105,None,000,001,2022_Feb_15_1729,stroopExp,2021.2.3,60.02977477137804,
6,blue,green,0,g,7,10,122,5,,,,,,,360.52075640001567,None,g,1,0.4564818000071682,360.52075640001567,None,358.53597520000767,360.537184899993,360.52075640001567,None,000,001,2022_Feb_15_1729,stroopExp,2021.2.3,60.02977477137804,
9,red,blue,0,b,7,11,123,8,,,,,,,362.9899488000083,None,b,1,0.7152191000059247,362.9899488000083,None,361.0047623999999,363.00657309999224,362.9899488000083,None,000,001,2022_Feb_15_1729,stroopExp,2021.2.3,60.02977477137804,
2,blue,red,0,r,7,12,124,1,,,,,,,365.70916540001053,None,r,1,0.3443441999843344,365.70916540001053,None,363.72425070000463,365.7259696999972,365.70916540001053,None,000,001,2022_Feb_15_1729,stroopExp,2021.2.3,60.02977477137804,
12,yellow,blue,0,b,7,13,125,11,,,,,,,368.06159689999186,None,y,0,0.883689799986314,368.06159689999186,None,366.0759636000148,368.0777706000081,368.06159689999186,None,000,001,2022_Feb_15_1729,stroopExp,2021.2.3,60.02977477137804,
15,green,yellow,0,y,7,14,126,14,,,,,,,370.9477727000194,None,y,1,1.1039096000022255,370.9477727000194,None,368.9628378000052,370.9646891000157,370.9477727000194,None,000,001,2022_Feb_15_1729,stroopExp,2021.2.3,60.02977477137804,
13,red,yellow,0,y,7,15,127,12,,,,,,,374.0675648000033,None,y,1,0.5866781999939121,374.0675648000033,None,372.08233249999466,374.0840728000039,374.0675648000033,None,000,001,2022_Feb_15_1729,stroopExp,2021.2.3,60.02977477137804,
4,yellow,red,0,r,8,0,128,3,,,,,,,376.6702648999926,None,r,1,0.6942759999947157,376.6702648999926,None,374.6844672000152,376.6869880000013,376.6702648999926,None,000,001,2022_Feb_15_1729,stroopExp,2021.2.3,60.02977477137804,
9,red,blue,0,b,8,1,129,8,,,,,,,379.374058699992,None,b,1,0.844530099973781,379.374058699992,None,377.3876369000063,379.3895326000056,379.374058699992,None,000,001,2022_Feb_15_1729,stroopExp,2021.2.3,60.02977477137804,
1,red,red,1,r,8,2,130,0,,,,,,,382.2254244000069,None,g,0,0.5809481000178494,382.2254244000069,None,380.2405016999983,382.2426330000162,382.2254244000069,None,000,001,2022_Feb_15_1729,stroopExp,2021.2.3,60.02977477137804,
12,yellow,blue,0,b,8,3,131,11,,,,,,,384.81208950001746,None,b,1,1.0051274999859743,384.81208950001746,None,382.8268458000093,384.8283830000146,384.81208950001746,None,000,001,2022_Feb_15_1729,stroopExp,2021.2.3,60.02977477137804,
13,red,yellow,0,y,8,4,132,12,,,,,,,387.83120420001796,None,y,1,1.2146264999755658,387.83120420001796,None,385.8457665000169,387.84821140000713,387.83120420001796,None,000,001,2022_Feb_15_1729,stroopExp,2021.2.3,60.02977477137804,
5,red,green,0,g,8,5,133,4,,,,,,,391.05147480001324,None,g,1,0.9726324999937788,391.05147480001324,None,389.0655962000019,391.0681496000034,391.05147480001324,None,000,001,2022_Feb_15_1729,stroopExp,2021.2.3,60.02977477137804,
3,green,red,0,r,8,6,134,2,,,,,,,394.037558800017,None,r,1,0.8067309999896679,394.037558800017,None,392.05265480000526,394.0543595000054,394.037558800017,None,000,001,2022_Feb_15_1729,stroopExp,2021.2.3,60.02977477137804,
16,yellow,yellow,1,y,8,7,135,15,,,,,,,396.856617500016,None,y,1,0.6919897999905515,396.856617500016,None,394.8713945999916,396.87381849999656,396.856617500016,None,000,001,2022_Feb_15_1729,stroopExp,2021.2.3,60.02977477137804,
15,green,yellow,0,y,8,8,136,14,,,,,,,399.56003110000165,None,y,1,0.4841245000134222,399.56003110000165,None,397.57457950001117,399.57609230000526,399.56003110000165,None,000,001,2022_Feb_15_1729,stroopExp,2021.2.3,60.02977477137804,
11,green,blue,0,b,8,9,137,10,,,,,,,402.0456900999998,None,b,1,0.9534349000023212,402.0456900999998,None,400.0601946999959,402.0618650999968,402.0456900999998,None,000,001,2022_Feb_15_1729,stroopExp,2021.2.3,60.02977477137804,
7,green,green,1,g,8,10,138,6,,,,,,,405.01494650001405,None,g,1,0.6256485999911092,405.01494650001405,None,403.0300862000149,405.0320137999952,405.01494650001405,None,000,001,2022_Feb_15_1729,stroopExp,2021.2.3,60.02977477137804,
14,blue,yellow,0,y,8,11,139,13,,,,,,,407.6511013999989,None,y,1,0.7335333000228275,407.6511013999989,None,405.6659104000137,407.6679465000052,407.6511013999989,None,000,001,2022_Feb_15_1729,stroopExp,2021.2.3,60.02977477137804,
6,blue,green,0,g,8,12,140,5,,,,,,,410.38739730001544,None,g,1,0.5587908999877982,410.38739730001544,None,408.40191980000236,410.40408199999365,410.38739730001544,None,000,001,2022_Feb_15_1729,stroopExp,2021.2.3,60.02977477137804,
2,blue,red,0,r,8,13,141,1,,,,,,,412.9565019000147,None,r,1,0.7089278000057675,412.9565019000147,None,410.9714406999992,412.9731796999986,412.9565019000147,None,000,001,2022_Feb_15_1729,stroopExp,2021.2.3,60.02977477137804,
8,yellow,green,0,g,8,14,142,7,,,,,,,415.6754733000125,None,g,1,0.5567462999897543,415.6754733000125,None,413.69066880000173,415.6921188000124,415.6754733000125,None,000,001,2022_Feb_15_1729,stroopExp,2021.2.3,60.02977477137804,
10,blue,blue,1,b,8,15,143,9,,,,,,,418.2452839000034,None,b,1,0.7144788000150584,418.2452839000034,None,416.2598144999938,418.261579300015,418.2452839000034,None,000,001,2022_Feb_15_1729,stroopExp,2021.2.3,60.02977477137804,
5,red,green,0,g,9,0,144,4,,,,,,,420.96400530001847,None,y,0,0.8063786999846343,420.96400530001847,None,418.97907689999556,420.98078760001226,420.96400530001847,None,000,001,2022_Feb_15_1729,stroopExp,2021.2.3,60.02977477137804,
2,blue,red,0,r,9,1,145,1,,,,,,,423.7839474999928,None,r,1,0.7514582999865524,423.7839474999928,None,421.798678799998,423.8004509000166,423.7839474999928,None,000,001,2022_Feb_15_1729,stroopExp,2021.2.3,60.02977477137804,
9,red,blue,0,b,9,2,146,8,,,,,,,426.53641200001584,None,b,1,0.8359291999950074,426.53641200001584,None,424.55140600001323,426.55378469999414,426.53641200001584,None,000,001,2022_Feb_15_1729,stroopExp,2021.2.3,60.02977477137804,
10,blue,blue,1,b,9,3,147,9,,,,,,,429.37448170001153,None,b,1,0.6637958000064828,429.37448170001153,None,427.38759339999524,429.38958809999167,429.37448170001153,None,000,001,2022_Feb_15_1729,stroopExp,2021.2.3,60.02977477137804,
8,yellow,green,0,g,9,4,148,7,,,,,,,432.0424034000025,None,g,1,1.0472866000200156,432.0424034000025,None,430.05693260001135,432.05880009999964,432.0424034000025,None,000,001,2022_Feb_15_1729,stroopExp,2021.2.3,60.02977477137804,
15,green,yellow,0,y,9,5,149,14,,,,,,,435.0952935999958,None,y,1,0.7741618000145536,435.0952935999958,None,433.1100004000182,435.1120186999906,435.0952935999958,None,000,001,2022_Feb_15_1729,stroopExp,2021.2.3,60.02977477137804,
13,red,yellow,0,y,9,6,150,12,,,,,,,437.8809279999987,None,y,1,0.6863311999768484,437.8809279999987,None,435.8961336000066,437.89789459999884,437.8809279999987,None,000,001,2022_Feb_15_1729,stroopExp,2021.2.3,60.02977477137804,
11,green,blue,0,b,9,7,151,10,,,,,,,440.58394310000585,None,g,0,0.814430700003868,440.58394310000585,None,438.5988178999978,440.60077200000524,440.58394310000585,None,000,001,2022_Feb_15_1729,stroopExp,2021.2.3,60.02977477137804,
1,red,red,1,r,9,8,152,0,,,,,,,443.4036447000108,None,r,1,0.9993294999876525,443.4036447000108,None,441.41805370000657,443.4204456000007,443.4036447000108,None,000,001,2022_Feb_15_1729,stroopExp,2021.2.3,60.02977477137804,
14,blue,yellow,0,y,9,9,153,13,,,,,,,446.40623880000203,None,y,1,1.0327647000085562,446.40623880000203,None,444.42149740000605,446.42283970001154,446.40623880000203,None,000,001,2022_Feb_15_1729,stroopExp,2021.2.3,60.02977477137804,
12,yellow,blue,0,b,9,10,154,11,,,,,,,449.4428662999999,None,b,1,0.7176393000117969,449.4428662999999,None,447.45780110001215,449.45976769999834,449.4428662999999,None,000,001,2022_Feb_15_1729,stroopExp,2021.2.3,60.02977477137804,
4,yellow,red,0,r,9,11,155,3,,,,,,,452.16266220001853,None,r,1,3.2607349999889266,452.16266220001853,None,450.17704710000544,452.17921679999563,452.16266220001853,None,000,001,2022_Feb_15_1729,stroopExp,2021.2.3,60.02977477137804,
3,green,red,0,r,9,12,156,2,,,,,,,457.43441740001435,None,r,1,0.4933039000025019,457.43441740001435,None,455.4491509000072,457.4513080000179,457.43441740001435,None,000,001,2022_Feb_15_1729,stroopExp,2021.2.3,60.02977477137804,
16,yellow,yellow,1,y,9,13,157,15,,,,,,,459.9368003999989,None,y,1,0.5705215000198223,459.9368003999989,None,457.9516334999935,459.9531435999961,459.9368003999989,None,000,001,2022_Feb_15_1729,stroopExp,2021.2.3,60.02977477137804,
6,blue,green,0,g,9,14,158,5,,,,,,,462.522137699998,None,g,1,0.6851459000026807,462.522137699998,None,460.5373355000047,462.5392089000088,462.522137699998,None,000,001,2022_Feb_15_1729,stroopExp,2021.2.3,60.02977477137804,
7,green,green,1,g,9,15,159,6,,,,,,,465.20846650001477,None,g,1,0.49472160000004806,465.20846650001477,None,463.2234896000009,465.2253785000066,465.20846650001477,None,000,001,2022_Feb_15_1729,stroopExp,2021.2.3,60.02977477137804,
